, old, new, diff
, 20100804, 20100901, 20101130, 
ABI_SOLID
mapped_giga_bp, 698.315262089, 2101.342659464, 1403.027397375, 
num_individuals, 66, 127, 61, 
num_ind_gt_10g, 25, 87, 62, 
ILLUMINA
mapped_giga_bp, 8487.563001773, 11132.486369486, 2644.923367713, 
num_individuals, 616, 810, 194, 
num_ind_gt_10g, 441, 621, 180, 
LS454
mapped_giga_bp, 187.557545655, 188.872872504, 1.31532684899997, 
num_individuals, 23, 23, 0, 
num_ind_gt_10g, 7, 7, 0, 
Total
mapped_giga_bp, 9373.435809517, 13422.701901454, 4049.266091937, 
num_individuals, 653, 914, 261, 
num_ind_gt_10g, 470, 713, 243, 


Population breakdown

old - 20100804
, ASW, CEU, CHB, CHS, CLM, FIN, GBR, IBS, JPT, LWK, MXL, PUR, TSI, YRI, total_by_platform
ABI_SOLID, 31.923138099, 234.421054952, 150.36917297, 80.642506802, 0, 0, 0, 0, 52.406224564, 52.696109972, 0, 0, 0, 95.85705473, 698.315262089, 
ILLUMINA, 535.736475837, 1209.426641634, 780.374252468, 148.742550427, 0, 211.961782437, 497.739010183, 0, 1427.397882758, 1050.950568368, 269.567779622, 33.641366397, 1273.119753819, 1048.904937823, 8487.563001773, 
LS454, 0, 162.389393826, 0, 0, 0, 0, 0, 0, 12.16293002, 0, 0, 0, 0, 13.005221809, 187.557545655, 
total_by_pop, 567.659613936, 1606.237090412, 930.743425438, 229.385057229, 0, 211.961782437, 497.739010183, 0, 1491.967037342, 1103.64667834, 269.567779622, 33.641366397, 1273.119753819, 1157.767214362, 9373.435809517, 

new - 20100901
, ASW, CEU, CHB, CHS, CLM, FIN, GBR, IBS, JPT, LWK, MXL, PUR, TSI, YRI, total_by_platform
ABI_SOLID, 174.071404, 145.694394237, 293.470282047, 80.642506802, 77.728836324, 116.281450435, 179.09502505, 43.550836691, 210.746327508, 247.776057684, 239.948676142, 0, 0, 292.336862544, 2101.342659464, 
ILLUMINA, 883.995966187, 1225.681443409, 782.748270968, 495.959346079, 181.740504989, 535.43877948, 799.920569072, 74.608115217, 1502.427503027, 1286.260080499, 780.78170027, 63.718540099, 1325.763139647, 1193.442410543, 11132.486369486, 
LS454, 0, 162.693879532, 0, 0, 0, 0, 0, 0, 13.173771163, 0, 0, 0, 0, 13.005221809, 188.872872504, 
total_by_pop, 1058.067370187, 1534.069717178, 1076.218553015, 576.601852881, 259.469341313, 651.720229915, 979.015594122, 118.158951908, 1726.347601698, 1534.036138183, 1020.730376412, 63.718540099, 1325.763139647, 1498.784494896, 13422.701901454, 
